<?xml version="1.0" encoding="UTF-8"?>
<project-private xmlns="http://www.netbeans.org/ns/project-private/1">
    <editor-bookmarks xmlns="http://www.netbeans.org/ns/editor-bookmarks/2" lastBookmarkId="0"/>
    <open-files xmlns="http://www.netbeans.org/ns/projectui-open-files/2">
        <group>
            <file>file:/C:/Users/Windows%2010/Documents/Archivos%20Hijos/akuki/Año%202022%20B/programacion/Proyectos/EjerciciosWeb1/SigletonGrafico_2018520/src/org/jobsis/clases/LoginSingleton.java</file>
            <file>file:/C:/Users/Windows%2010/Documents/Archivos%20Hijos/akuki/Año%202022%20B/programacion/Proyectos/EjerciciosWeb1/SigletonGrafico_2018520/src/org/jobsis/system/FRM_Principal.java</file>
            <file>file:/C:/Users/Windows%2010/Documents/Archivos%20Hijos/akuki/Año%202022%20B/programacion/Proyectos/EjerciciosWeb1/SigletonGrafico_2018520/src/org/jobsis/system/Login.java</file>
        </group>
    </open-files>
</project-private>
